{"Alalak Utara": [-3.27816, 114.5784169], "Alalak Selatan": [-3.2850527, 114.5716846], "Alalak Tengah": [-3.2749815, 114.5691767], "Sungai Jingah": [-3.3145027, 114.6058238], "Sungai Miai": [-3.2945321, 114.5947516], "Surgi Mufti": [-3.308992, 114.6007651], "Pangeran": [-3.3012399, 114.5848703], "Antasan Kecil Timur": [-3.3056073, 114.5932697], "Kuin Utara": [-3.2923577, 114.5716095], "Sungai Andai": [-3.2928772, 114.6104962], "Kertak Baru Ilir": [-3.3253354, 114.5897774], "Kertak Baru Ulu": [-3.3218665, 114.5905741], "Gadang": [-3.3180146, 114.5941655], "Melayu": [-3.3171899, 114.6006391], "Pekapuran Laut": [-3.325717, 114.5985228], "Teluk Dalam": [-3.3202618, 114.5783251], "Pasar Lama": [-3.3087778, 114.5902535], "Antasan Besar": [-3.313682, 114.5888729], "Mawar": [-3.3259044, 114.5820057], "Seberang Mesjid": [-3.3111516, 114.59608], "Kelayan Luar": [-3.328076, 114.5968303], "Sungai Baru": [-3.3226872, 114.597187], "Pelambuan": [-3.3196587, 114.5643648], "Telaga Biru": [-3.3266301, 114.5680904], "Telawang": [-3.3296545, 114.5799069], "Kuin Selatan": [-3.2980453, 114.5784008], "Kuin Cerucuk": [-3.2952337, 114.571576], "Basirih": [-3.3345962, 114.5654055], "Belitung Selatan": [-3.30851, 114.5772904], "Belitung Utara": [-3.3040181, 114.5798895], "Teluk Tiram": [-3.3385203, 114.580662], "Kuripan": [-3.3227983, 114.6051612], "Kebun Bunga": [-3.3262793, 114.6108194], "Sungai Bilu": [-3.3167172, 114.6094447], "Pekapuran Raya": [-3.3349014, 114.6038094], "Pengambangan": [-3.315381, 114.6182424], "Karang Mekar": [-3.3297683, 114.6061188], "Benua Anyar": [-3.3070881, 114.611671], "Sungai Lulut": [-3.320308, 114.6292072], "Pemurus Luar": [-3.3443, 114.630484], "Kelayan Tengah": [-3.3355019, 114.5931336], "Kelayan Selatan": [-3.3374693, 114.5866138], "Kelayan Barat": [-3.330909, 114.5940261], "Kelayan Timur": [-3.3441688, 114.5907524], "Kelayan Dalam": [-3.332853, 114.5969671], "Pemurus Dalam": [-3.3518937, 114.6186072], "Pemurus Baru": [-3.3433334, 114.6127117], "Pekauman": [-3.3313421, 114.58873], "Tanjung Pagar": [-3.3655308, 114.5994347], "Murung Raya": [-3.3423774, 114.5952693], "Basirih Selatan": [-3.3494785, 114.5746565], "Mantuil": [-3.3511548, 114.5466382]}